name,password,email,contact_number,cardealerId
Angela Smith,&00J1RO%,ehvZTtFv@gmail.com,96182046,a
Benjamin Digangi,O2zkwfpq,eXnJFhhZ@gmail.com,81106170,a
David Davis,%YCVO!kJ,fAngGJqo@gmail.com,83543071,a
Darlena Nottingham,bq3cAtPZ,NOduicxQ@gmail.com,83395147,a
David Dittrick,ECOR$1xG,QzoFcler@gmail.com,86781010,a
Nancy Harmon,&z(oq1fD,tHxSVJzJ@gmail.com,89891696,a
Donald Fletcher,Juk6a4Mt,HoEbVxge@gmail.com,98038156,a
Eric Craft,S2CNWcgK,xmVJTNel@gmail.com,80040817,a
Ernest Corathers,34T(qmzx,BRASHuHb@gmail.com,92784199,a
Christina Tannehill,#dNoUwP),JsCxTqwL@gmail.com,89086599,a
Ernesto Deyoung,Cqaf3gI^,UnmPxPsU@gmail.com,86772607,a
Matthew Fosberg,ACs6WWiD,HkjcHTHE@gmail.com,89990690,a
Gary Groce,$4*koQsg,zzMDTmfg@gmail.com,84716298,a
George Boeding,sjK)Q6xG,OOLWsSWV@gmail.com,80924778,a
Gloria Gumina,K$w8oBaz,WrXrwDfR@gmail.com,98853218,a
Herbert Mendoza,253&krEA,clwvSoaM@gmail.com,99274760,a
Isabel Haubrich,I@um5CjI,jCTtnptz@gmail.com,84758824,a
Jean Ellison,QXtY$h@s,ouppDQgN@gmail.com,80420795,a
Jewell Bermudez,bu^Asix7,YMbiEPbh@gmail.com,88453451,a
Joey Alloway,)259XaHH,lMOztBjJ@gmail.com,96744747,a
Joseph Briscoe,TN2@Tb5D,ZwhJcSGW@gmail.com,85529898,a
Joseph Garland,hXH6u2YE,OgYQGzSj@gmail.com,84224806,a
Terry Llamas,ZdTqkDs9,aQWGPeIt@gmail.com,96965220,a
Kirsten Jaremka,oD(3ofv^,EyzDUgWj@gmail.com,85987918,a
Larry Wilson,DwmMt$6$,rdxgAjgG@gmail.com,81358837,a
Lavonda Cover,8v#YSrEC,HIvpcfHa@gmail.com,80772977,a
Dorothy Lydon,EXQKdm(#,slKcHLSt@gmail.com,82428686,a
Richard Oleary,!Us)REUy,clxEYPSP@gmail.com,95314046,a
Harold Bryant,O6gAQStN,dvFrTnqY@gmail.com,98996267,a
Roderick Swensen,yXK5OfxQ,dHpqFQct@gmail.com,84459567,a
Patricia Schroeder,5$6s0zZh,bwRRQzMy@gmail.com,98559404,a
Rachael Mcgill,tZ)kkFXT,dIdcSXrX@gmail.com,84954479,a
Patrick Martinez,xztab(C4,AMHsSZac@gmail.com,95427226,a
Angelique Easterling,imLzKhy8,bteIxmiz@gmail.com,81727628,a
Regina Daniels,0xcv(5aW,YDjoTkac@gmail.com,97756555,a
Robert Jernigan,9cQ!eVxm,ulTHMHoE@gmail.com,92213869,a
Ruth Thompson,iQHFb86$,LMyCyYGv@gmail.com,95520287,a
Ronald Lacher,uJ7ln$$u,PLRPsWvY@gmail.com,82239920,a
John Brown,y)9PPxUa,YrtqyPfh@gmail.com,83005916,a
Shaun Marshall,ojmi61TN,hwTDKFWn@gmail.com,80986806,a
Sheryl Saba,hLf9nP1j,qWXXWgGH@gmail.com,99900967,a
Susan Groover,)nUDwN^s,BjMtNLgk@gmail.com,94408187,a
Teresa Lee,*Ofo%G4A,vmAWmpmt@gmail.com,82478597,a
Deborah Bolling,cQyUAMQz,lNRypFHi@gmail.com,97951832,a
Cynthia Blankenship,9^#!qH6U,MREmJsJP@gmail.com,87814777,a
James Douglas,u)vMdy&v,BZABbHBy@gmail.com,82412772,a
Keith Serisky,y@cI$pC(,fYwDNHKA@gmail.com,91264678,a
Mabel Collado,ORQyDXEJ,OerRPSZl@gmail.com,90212067,a
Patrick Lunn,O%n!9LBk,FXAyLdUh@gmail.com,97376183,a
William Rizzi,12(0OcDD,PriDjieg@gmail.com,83695966,a